[
  {
    "text": "my unit test failed",
    "category": "software"
  },
  {
    "text": "tried the program, but it was buggy",
    "category": "software"
  },
  {
    "text": "i need a new power supply",
    "category": "hardware"
  },
  {
    "text": "the drive has a 2TB capacity",
    "category": "hardware"
  },
  {
    "text": "unit-tests",
    "category": "software"
  },
  {
    "text": "program",
    "category": "software"
  },
  {
    "text": "power supply",
    "category": "hardware"
  },
  {
    "text": "drive",
    "category": "hardware"
  },
  {
    "text": "it needs more memory",
    "category": "hardware"
  },
  {
    "text": "code",
    "category": "software"
  },
  {
    "text": "i found some bugs in the code",
    "category": "software"
  },
  {
    "text": "i swapped the memory",
    "category": "hardware"
  },
  {
    "text": "i tested the code",
    "category": "software"
  }
]
